Dato,Andalucia,Madrid
Total de gasolineras,2207,794
Gasolineras low cost,919,269
Precio minimo gasoleo A,1.08,1.199
Precio maximo gasoleo A,1.659,1.555
Precio medio gasoleo A,1.4035107354956602,1.4510376623376624
Precio minimo gasolina 95 E5,1.259,1.337
Precio maximo gasolina 95 E5,1.81,1.679
Precio medio gasolina 95 E5,1.5269985163204747,1.5673141361256544
Precio minimo gasoleo premium,1.259,1.269
Precio maximo gasoleo premium,1.615,1.626
Precio medio gasoleo premium,1.5065993998499625,1.5411529605263157
